{
    "fields": [
        {
            "id": "id",
            "internal": true,
            "key": true,
            "oid": "9193a747-58c6-4482-bf6f-471a851c4fdb",
            "required": true,
            "singularName": "Id",
            "type": "number",
            "unique": true
        },
        {
            "id": "creationDate",
            "internal": true,
            "oid": "18f3414d-9f21-4b59-a2a8-f0252fa927e4",
            "singularName": "Created",
            "type": "datetime"
        },
        {
            "id": "lastUpdateDate",
            "internal": true,
            "oid": "d39af9ab-928a-4006-b58c-73f62983f565",
            "singularName": "Last Updated",
            "type": "datetime"
        },
        {
            "id": "createdBy",
            "internal": true,
            "oid": "b55078c9-9e5e-4ce3-b45d-87905a849a5e",
            "singularName": "Created By",
            "type": "string"
        },
        {
            "id": "lastUpdatedBy",
            "internal": true,
            "oid": "1e5b6e41-096b-4f9b-b16c-91823abb1984",
            "singularName": "Last Updated By",
            "type": "string"
        },
        {
            "hidden": true,
            "id": "abcsChangeNumber",
            "internal": true,
            "oid": "b3d998dc-d216-4f31-be4e-7e39c33ac860",
            "singularName": "<internal>",
            "type": "number"
        },
        {
            "id": "masterDocNumber",
            "oid": "4342012d-509a-4f5f-877a-5971f1342e56",
            "singularName": "Master Doc Number",
            "type": "string"
        },
        {
            "id": "docNumber",
            "oid": "840e5b3d-38f8-40a0-823f-c13ca1ed0f4d",
            "singularName": "Doc Number",
            "type": "string"
        },
        {
            "id": "fundValue",
            "oid": "3550e9fe-7778-42dd-b674-32589d7d5b4b",
            "singularName": "Fund Value",
            "type": "reference"
        },
        {
            "id": "docAmount",
            "oid": "92f8a00c-d5df-4f04-a8c3-49bc5f723088",
            "singularName": "Document Amount",
            "type": "number"
        },
        {
            "id": "transactionDate",
            "oid": "412d7e26-7cc2-4020-87aa-3c426ef61055",
            "singularName": "Transaction Date",
            "type": "date"
        },
        {
            "id": "description",
            "oid": "8bf82c55-54ea-4a28-9e44-d832820bd2db",
            "singularName": "Description",
            "type": "string"
        },
        {
            "id": "segment1",
            "oid": "7c8f8d7b-4c0e-4df5-acec-65d87197be94",
            "singularName": "Segment1",
            "type": "string"
        },
        {
            "id": "segment2",
            "oid": "759a2801-18a7-4b04-943e-8a2f65f39d98",
            "singularName": "Segment2",
            "type": "string"
        },
        {
            "id": "segment3",
            "oid": "01cc579b-5566-49b8-9b8e-944e126c10ff",
            "singularName": "Segment3",
            "type": "string"
        },
        {
            "id": "segment4",
            "oid": "882f7a57-ecc8-4009-95de-b454a2bac50c",
            "singularName": "Segment4",
            "type": "string"
        },
        {
            "id": "segment5",
            "oid": "d94203ed-1156-4a78-a8c8-5c81d7156715",
            "singularName": "Segment5",
            "type": "string"
        },
        {
            "id": "segment6",
            "oid": "15b915bf-2b91-4c06-89f1-937c457b20d9",
            "singularName": "Segment6",
            "type": "string"
        },
        {
            "id": "segment7",
            "oid": "a82e283e-0797-48fb-8170-bea4af3ea408",
            "singularName": "Segment7",
            "type": "string"
        },
        {
            "id": "segment8",
            "oid": "3850839e-0baf-4c2c-9ded-747cf99b0aad",
            "singularName": "Segment8",
            "type": "string"
        },
        {
            "id": "segment9",
            "oid": "084583b8-644b-454a-9d50-8cfd49654d13",
            "singularName": "Segment9",
            "type": "string"
        },
        {
            "id": "segment10",
            "oid": "e2c8fe18-26af-4adf-b91c-3cbab414ed3f",
            "singularName": "Segment10",
            "type": "string"
        },
        {
            "id": "segment11",
            "oid": "2f4b0acb-f4d4-40fc-ad50-236009c7f918",
            "singularName": "Segment11",
            "type": "string"
        },
        {
            "id": "segment12",
            "oid": "20a6ec3a-11d1-4334-a5a7-ccfd3e1a76d6",
            "singularName": "Segment12",
            "type": "string"
        },
        {
            "id": "segment13",
            "oid": "6e08804c-685c-48ea-b22d-a55f0bddca33",
            "singularName": "Segment13",
            "type": "string"
        },
        {
            "id": "segment14",
            "oid": "7ea6d6b7-c5a0-4a91-bc74-7a78a4d77d3b",
            "singularName": "Segment14",
            "type": "string"
        },
        {
            "id": "segment15",
            "oid": "c8a4324a-4d41-4a6f-80ec-eb25bbece117",
            "singularName": "Segment15",
            "type": "string"
        },
        {
            "id": "budgetLevel",
            "oid": "49911183-788a-4b34-93b7-455d0cf3bfef",
            "singularName": "Budget Level",
            "type": "reference"
        },
        {
            "id": "treasuryAccountSymbol",
            "oid": "018340c8-9525-40bb-bb95-e38d138556bc",
            "singularName": "Treasury Account Symbol",
            "type": "reference",
            "unique": false
        }
    ],
    "id": "TransactionHeaders",
    "oid": "a65887df-aa5d-47ec-aa9c-6d66c6ba1fe9",
    "singularName": "transactionHeaders",
    "relations": [
        {
            "accessorId": "fundValueObject",
            "cardinality": "manyToOne",
            "defaultDisplayFieldId": "fundValue",
            "deleteRule": "restrict",
            "mappingFieldId": "fundValue",
            "sourceEntityId": "TransactionHeaders",
            "targetEntityId": "TsFundAttributes"
        },
        {
            "accessorId": "budgetLevelObject",
            "cardinality": "manyToOne",
            "defaultDisplayFieldId": "budgetLevelName",
            "deleteRule": "restrict",
            "mappingFieldId": "budgetLevel",
            "sourceEntityId": "TransactionHeaders",
            "targetEntityId": "BudgetLevels"
        },
        {
            "accessorId": "treasuryAccountSymbolOb",
            "cardinality": "manyToOne",
            "defaultDisplayFieldId": "treasuryAccountSymbol",
            "deleteRule": "restrict",
            "mappingFieldId": "treasuryAccountSymbol",
            "derivedRelationInfoMap": {
                "$reverse": {
                    "accessorId": "TAS"
                }
            },
            "sourceEntityId": "TransactionHeaders",
            "targetEntityId": "TsLines"
        }
    ]
}