{
    "fields": [
        {
            "id": "id",
            "internal": true,
            "key": true,
            "oid": "8330a0e4-200a-401e-93b2-7b9337a89267",
            "required": true,
            "singularName": "Id",
            "type": "number",
            "unique": true
        },
        {
            "id": "creationDate",
            "internal": true,
            "oid": "87cde738-0abd-44da-a72e-4bf6682c8218",
            "singularName": "Created",
            "type": "datetime"
        },
        {
            "id": "lastUpdateDate",
            "internal": true,
            "oid": "85fef4ad-ac6a-4ce3-87d2-962d0793a74d",
            "singularName": "Last Updated",
            "type": "datetime"
        },
        {
            "id": "createdBy",
            "internal": true,
            "oid": "f59cbe1a-a508-4705-9e44-cc3043b51a97",
            "singularName": "Created By",
            "type": "string"
        },
        {
            "id": "lastUpdatedBy",
            "internal": true,
            "oid": "8fbd2060-2d4b-4a61-9209-2fe84b6f2e2c",
            "singularName": "Last Updated By",
            "type": "string"
        },
        {
            "hidden": true,
            "id": "abcsChangeNumber",
            "internal": true,
            "oid": "7d3b007b-58c1-45fb-a4d9-a952b0b9c371",
            "singularName": "<internal>",
            "type": "number"
        },
        {
            "id": "lineNumber",
            "oid": "7bccc32f-f531-483b-9808-bd18344c8e39",
            "singularName": "Line Number",
            "type": "number"
        },
        {
            "id": "headerID",
            "oid": "13b0267c-fe29-4279-8847-fbc18973707c",
            "singularName": "Header ID",
            "type": "reference"
        },
        {
            "id": "gLDate",
            "oid": "98386f76-d5c9-478e-863d-f45be4c97927",
            "singularName": "GL Date",
            "type": "date"
        },
        {
            "id": "publicLawCode",
            "oid": "6a9e8696-6fa6-43d5-8c92-14452bf47e85",
            "singularName": "publicLawCode",
            "type": "string"
        },
        {
            "id": "lineAmount",
            "oid": "8a012c53-7287-4052-9591-dfea4ce2ed9e",
            "singularName": "Line Amount",
            "type": "number"
        },
        {
            "id": "segment1",
            "oid": "37d67faa-11bd-431d-a2eb-3666464b52d8",
            "singularName": "Segment1",
            "type": "string"
        },
        {
            "id": "segment2",
            "oid": "aef8e71c-362e-4a28-81ef-b5b5b22e01c4",
            "singularName": "Segment2",
            "type": "string"
        },
        {
            "id": "segment3",
            "oid": "4bafb2c0-8d1c-4c9e-8cf2-6818cfa13861",
            "singularName": "Segment3",
            "type": "string"
        },
        {
            "id": "segment4",
            "oid": "df40df09-80d4-4035-8dbc-df3b658520bc",
            "singularName": "Segment4",
            "type": "string"
        },
        {
            "id": "segment5",
            "oid": "54b43cd8-dda7-4d7a-bf3e-3ec23d1bfb26",
            "singularName": "Segment5",
            "type": "string"
        },
        {
            "id": "segment6",
            "oid": "05cb826b-5b03-4543-b7f4-f873b35578ea",
            "singularName": "Segment6",
            "type": "string"
        },
        {
            "id": "segment7",
            "oid": "331f06b3-c128-496b-81cc-33b9befd7e0d",
            "singularName": "Segment7",
            "type": "string"
        },
        {
            "id": "segment8",
            "oid": "49f090ee-8372-4c0f-a0bf-3771911dd1b7",
            "singularName": "Segment8",
            "type": "string"
        },
        {
            "id": "segment9",
            "oid": "e9f066da-319d-42fd-9dfe-1229ed254122",
            "singularName": "Segment9",
            "type": "string"
        },
        {
            "id": "segment10",
            "oid": "330230eb-e04a-41a8-a2df-22b24bd3a9bc",
            "singularName": "Segment10",
            "type": "string"
        },
        {
            "id": "segment11",
            "oid": "9a87730f-5abc-494f-8343-b6c24079b22d",
            "singularName": "Segment11",
            "type": "string"
        },
        {
            "id": "segment12",
            "oid": "ce032124-039f-4751-9399-289fa81a869a",
            "singularName": "Segment12",
            "type": "string"
        },
        {
            "id": "segment13",
            "oid": "23eb10fa-e77d-46a3-b739-b38236ec473a",
            "singularName": "Segment13",
            "type": "string"
        },
        {
            "id": "segment14",
            "oid": "58ee2e92-b8ec-40aa-ba95-32e5cdb4a529",
            "singularName": "Segment14",
            "type": "string"
        },
        {
            "id": "segment15",
            "oid": "ab3b3959-4f03-4bea-964e-6df8b4761648",
            "singularName": "Segment15",
            "type": "string"
        },
        {
            "id": "description",
            "oid": "5288f7b7-87ee-41b0-8b97-7ac18191d1b0",
            "singularName": "Description",
            "type": "string"
        },
        {
            "id": "transactionType",
            "oid": "4e6ec51f-57de-480b-89d4-c3107cdc5025",
            "singularName": "Transaction Type",
            "type": "reference",
            "unique": false
        },
        {
            "id": "gLAccount",
            "oid": "1466ed5c-a4c9-4bb1-aa3a-4ab824f9039b",
            "singularName": "GL Account",
            "type": "string"
        }
    ],
    "id": "TransactionLines",
    "oid": "48084dce-2a91-48fc-bb10-1b4cb590bfea",
    "singularName": "transactionLines",
    "relations": [
        {
            "accessorId": "headerIDObject",
            "cardinality": "manyToOne",
            "defaultDisplayFieldId": "id",
            "deleteRule": "restrict",
            "mappingFieldId": "headerID",
            "sourceEntityId": "TransactionLines",
            "targetEntityId": "TransactionHeaders"
        },
        {
            "accessorId": "transactionTypeObject",
            "cardinality": "manyToOne",
            "defaultDisplayFieldId": "transactionTypeName",
            "deleteRule": "restrict",
            "mappingFieldId": "transactionType",
            "sourceEntityId": "TransactionLines",
            "targetEntityId": "TransactionTypes",
            "derivedRelationInfoMap": {
                "$reverse": {
                    "accessorId": "transType"
                }
            }
        }
    ]
}