{
    "fields": [
        {
            "id": "id",
            "internal": true,
            "key": true,
            "oid": "bed634df-30e1-44c5-b7b7-aba1716b31a8",
            "required": true,
            "singularName": "Id",
            "type": "number",
            "unique": true
        },
        {
            "id": "creationDate",
            "internal": true,
            "oid": "25c083fc-dbfe-4401-8da8-8a014457cf63",
            "singularName": "Created",
            "type": "datetime"
        },
        {
            "id": "lastUpdateDate",
            "internal": true,
            "oid": "dcad936e-7e78-444d-811f-e3bd6c7469b1",
            "singularName": "Last Updated",
            "type": "datetime"
        },
        {
            "id": "createdBy",
            "internal": true,
            "oid": "bce06718-527c-478e-9e2f-57e4aad46ac3",
            "singularName": "Created By",
            "type": "string"
        },
        {
            "id": "lastUpdatedBy",
            "internal": true,
            "oid": "32804449-2090-427b-bfe0-cff1a480eb02",
            "singularName": "Last Updated By",
            "type": "string"
        },
        {
            "hidden": true,
            "id": "abcsChangeNumber",
            "internal": true,
            "oid": "bd0c2477-5848-4945-ab1a-aa5503fb2492",
            "singularName": "<internal>",
            "type": "number"
        },
        {
            "id": "headerID",
            "oid": "0411a8f8-93c3-4106-8de5-9424bb58e982",
            "updatable": false,
            "singularName": "Header ID",
            "type": "reference",
            "unique": false
        },
        {
            "id": "agencyID",
            "oid": "51a1bd54-7897-4a3b-9fc9-d35631d55496",
            "updatable": false,
            "singularName": "Agency ID",
            "type": "reference",
            "unique": false
        },
        {
            "id": "subLevelPrefixCode",
            "oid": "7fd13a4b-6843-4a2c-9135-6ed66daf84e5",
            "singularName": "Sub Level Prefix Code",
            "type": "string"
        },
        {
            "id": "allocTrAgencyID",
            "oid": "19f67d05-64c4-4b84-b004-40b9d548083a",
            "singularName": "Allocation Transfer Agency ID",
            "type": "string"
        },
        {
            "id": "authorityDurationCode",
            "oid": "927dfa95-c8a6-4024-8b44-7ec1614098f3",
            "singularName": "Authority Duration Code",
            "type": "string"
        },
        {
            "id": "begPeriodOfAvail",
            "oid": "f9f8ff31-8212-417a-ad7b-a33ccce140df",
            "singularName": "Beg Period of Avail",
            "type": "number"
        },
        {
            "id": "endPeriodOfAvail",
            "oid": "15c8e50f-e2ad-4167-99eb-5dcd61bf1b08",
            "singularName": "End Period of Avail",
            "type": "number"
        },
        {
            "id": "availTypeCode",
            "oid": "d679def1-a773-44c5-8cf4-b4e9bea0e1c8",
            "singularName": "Avail Type Code",
            "type": "string"
        },
        {
            "id": "mainAcctCode",
            "oid": "41e69ee5-d510-431d-a9a6-a1ba0497b415",
            "singularName": "Main Acct Code",
            "type": "number"
        },
        {
            "id": "subAcctCode",
            "oid": "343796fd-e972-499c-a4ed-583536ed7437",
            "singularName": "Sub-Acct Code",
            "type": "string"
        },
        {
            "id": "fundType",
            "oid": "bf1b05d8-4f8e-400c-9d13-2bb1bb078166",
            "singularName": "Fund Type",
            "type": "string"
        },
        {
            "id": "financingAccountCode",
            "oid": "b1b5f687-3402-43e9-a552-56d7f4d81b70",
            "singularName": "Financing Account Code",
            "type": "string"
        },
        {
            "id": "reportableIndicator",
            "oid": "5bbe6b06-34ad-4e37-867d-2a5179c15fc3",
            "singularName": "Reportable Indicator",
            "type": "string"
        },
        {
            "id": "startDate",
            "oid": "0dcb2687-6ae8-45b8-abe6-ea5deaefc16b",
            "singularName": "Start Date",
            "type": "date"
        },
        {
            "id": "expirationDate",
            "oid": "c15e62c2-6946-48fd-9bfe-35d66e95bb8f",
            "singularName": "Expiration Date",
            "type": "date"
        },
        {
            "id": "cancellationDate",
            "oid": "4688fd57-0169-433a-b49b-6a021b986299",
            "singularName": "Cancellation Date",
            "type": "date"
        },
        {
            "id": "treasuryAccountSymbol",
            "oid": "08509975-de59-4555-b1d4-bd933f774edf",
            "singularName": "Treasury Account Symbol",
            "type": "string"
        }
    ],
    "id": "TsLines",
    "oid": "d8e16784-7bc9-4d4d-8e2f-f0859b390186",
    "singularName": "tsLines",
    "pluralName": "tsLines",
    "relations": [
        {
            "accessorId": "lineIDObject",
            "cardinality": "manyToOne",
            "defaultDisplayFieldId": "id",
            "deleteRule": "restrict",
            "mappingFieldId": "headerID",
            "sourceEntityId": "TsLines",
            "targetEntityId": "TsHeaders",
            "derivedRelationInfoMap": {
                "$reverse": {
                    "accessorId": "headerIDob"
                }
            }
        },
        {
            "accessorId": "agencyIDObject",
            "cardinality": "manyToOne",
            "defaultDisplayFieldId": "agencyIdentifier",
            "deleteRule": "restrict",
            "mappingFieldId": "agencyID",
            "sourceEntityId": "TsLines",
            "targetEntityId": "TsHeaders",
            "derivedRelationInfoMap": {
                "$reverse": {
                    "accessorId": "agencyID"
                }
            }
        }
    ],
    "validators": []
}