{
    "fields": [
        {
            "id": "id",
            "internal": true,
            "key": true,
            "oid": "00568e90-4e6d-4b0c-9cb0-ce4c64116c96",
            "required": true,
            "singularName": "Id",
            "type": "number",
            "unique": true
        },
        {
            "id": "creationDate",
            "internal": true,
            "oid": "1a7a2e5e-5f0e-4258-8cf0-a560a9533cf5",
            "singularName": "Created",
            "type": "datetime"
        },
        {
            "id": "lastUpdateDate",
            "internal": true,
            "oid": "887775c8-2ff7-4e6b-9fc7-a49840987007",
            "singularName": "Last Updated",
            "type": "datetime"
        },
        {
            "id": "createdBy",
            "internal": true,
            "oid": "a581d79f-e12b-41ac-867f-1869cbbea322",
            "singularName": "Created By",
            "type": "string"
        },
        {
            "id": "lastUpdatedBy",
            "internal": true,
            "oid": "45ac22dc-af0b-4e94-bb1c-053c212f361c",
            "singularName": "Last Updated By",
            "type": "string"
        },
        {
            "hidden": true,
            "id": "abcsChangeNumber",
            "internal": true,
            "oid": "8affc3a6-ff1e-4a0e-846c-22312fee340d",
            "singularName": "<internal>",
            "type": "number"
        },
        {
            "id": "linesID",
            "oid": "7aaca08b-37cc-4446-ba30-aa40e380318a",
            "singularName": "Lines ID",
            "type": "reference",
            "unique": false
        },
        {
            "id": "treasuryAccountSymbol",
            "oid": "f5ba66e4-7774-4e50-b247-1bb79dfb11f4",
            "singularName": "Treasury Account Symbol",
            "type": "reference",
            "unique": false
        },
        {
            "id": "fundValue",
            "oid": "63501d48-9342-4f7d-8486-fa30a2c11588",
            "singularName": "Fund Value",
            "type": "string"
        },
        {
            "id": "apportionmentCategory",
            "oid": "77cc79c2-3127-44bf-b637-965e9488c0a0",
            "singularName": "Apportionment Category",
            "type": "string"
        },
        {
            "id": "directReimbursable",
            "oid": "a55132e5-6367-4bc0-a065-f2b0e6aede64",
            "singularName": "Direct/Reimbursable",
            "type": "string"
        },
        {
            "id": "budgetAuthorityCategory",
            "oid": "b3af11ce-1e3c-4557-8c00-2c03ac00b358",
            "singularName": "Budget Authority Category (BEA) Code",
            "type": "string"
        },
        {
            "id": "outlayBEACategoryCode",
            "oid": "3bfa1f71-2671-4ac8-8e49-c719cd46acf3",
            "singularName": "Outlay (BEA) Category Code",
            "type": "string"
        },
        {
            "id": "borrowingSourceCode",
            "oid": "aec311ac-130a-4e11-9b08-2f783048e183",
            "singularName": "Borrowing Source Code",
            "type": "string"
        },
        {
            "id": "budgetSubFunctionCode",
            "oid": "1538735d-2dd0-4961-9d8e-7dff7c78e669",
            "singularName": "Budget Sub-Function Code",
            "type": "string"
        },
        {
            "id": "custodialNonCustodial",
            "oid": "15de9dbd-3d37-476f-9b25-8106df2c6723",
            "singularName": "Custodial/Non-Custodial",
            "type": "string"
        },
        {
            "id": "definiteIndefinite",
            "oid": "d3b0d6e0-8984-40d6-8527-73a1687eb5d1",
            "singularName": "Definite/Indefinite",
            "type": "string"
        }
    ],
    "id": "TsFundAttributes",
    "oid": "5f8da2cb-4ff1-4ca4-8c24-fab1677bf63e",
    "singularName": "tsFundAttributes",
    "pluralName": "tsFundAttributes",
    "relations": [
        {
            "accessorId": "linesIDObject",
            "cardinality": "manyToOne",
            "defaultDisplayFieldId": "id",
            "deleteRule": "restrict",
            "mappingFieldId": "linesID",
            "sourceEntityId": "TsFundAttributes",
            "targetEntityId": "TsLines",
            "derivedRelationInfoMap": {
                "$reverse": {
                    "accessorId": "linesIDOb"
               }
            }
        },
        {
            "accessorId": "treasuryAccountSymbolOb",
            "cardinality": "manyToOne",
            "defaultDisplayFieldId": "treasuryAccountSymbol",
            "deleteRule": "restrict",
            "mappingFieldId": "treasuryAccountSymbol",
            "sourceEntityId": "TsFundAttributes",
            "targetEntityId": "TsLines",
            "derivedRelationInfoMap": {
                "$reverse": {
                    "accessorId": "tasIDOb"
                }
            }
        }
    ]
}