{
    "fields": [
        {
            "id": "id",
            "internal": true,
            "key": true,
            "oid": "d2d8c385-7cad-485e-be13-7a4400a5d19a",
            "required": true,
            "singularName": "Id",
            "type": "number",
            "unique": true
        },
        {
            "id": "creationDate",
            "internal": true,
            "oid": "baa38203-21cd-4289-8c75-4ffc557dbade",
            "singularName": "Created",
            "type": "datetime"
        },
        {
            "id": "lastUpdateDate",
            "internal": true,
            "oid": "4f65c08a-1d3b-49db-bf45-e3f19a3a7167",
            "singularName": "Last Updated",
            "type": "datetime"
        },
        {
            "id": "createdBy",
            "internal": true,
            "oid": "61d36e26-59fa-4e6c-a1c1-a99a83a74537",
            "singularName": "Created By",
            "type": "string"
        },
        {
            "id": "lastUpdatedBy",
            "internal": true,
            "oid": "f118fcd4-af24-4fb4-b7e2-5d1b8a9ef1ea",
            "singularName": "Last Updated By",
            "type": "string"
        },
        {
            "hidden": true,
            "id": "abcsChangeNumber",
            "internal": true,
            "oid": "e9329984-3d59-4ef1-a7e6-32068ebc64b0",
            "singularName": "<internal>",
            "type": "number"
        },
        {
            "id": "budgetLevelNumber",
            "oid": "f12c2157-6b25-4610-91ba-302f38b6f923",
            "singularName": "Budget Level Number",
            "type": "string"
        },
        {
            "id": "budgetLevelName",
            "oid": "c2304c42-4352-4417-9ff2-765a0238e94c",
            "singularName": "Budget Level Name",
            "type": "string"
        },
        {
            "id": "description",
            "oid": "14adc35e-a6cd-407f-8335-42e381acdedd",
            "singularName": "Description",
            "type": "string"
        }
    ],
    "id": "BudgetLevels",
    "oid": "188ffd04-40cb-4dfa-ae20-30892dc27965",
    "singularName": "Budget Levels"
}