{
    "fields": [
        {
            "id": "id",
            "internal": true,
            "key": true,
            "oid": "acc0b351-370d-4203-8882-9c368618ed76",
            "required": true,
            "singularName": "Id",
            "type": "number",
            "unique": true
        },
        {
            "id": "creationDate",
            "internal": true,
            "oid": "3c68325e-be46-4377-aa71-c49c1bb34365",
            "singularName": "Created",
            "type": "datetime"
        },
        {
            "id": "lastUpdateDate",
            "internal": true,
            "oid": "b5594923-ce5d-4aa1-af71-7915e9dfd341",
            "singularName": "Last Updated",
            "type": "datetime"
        },
        {
            "id": "createdBy",
            "internal": true,
            "oid": "1602025f-ae1d-4ac9-a635-52059947c300",
            "singularName": "Created By",
            "type": "string"
        },
        {
            "id": "lastUpdatedBy",
            "internal": true,
            "oid": "d26d3eec-de86-4383-b7d5-46b4292ada22",
            "singularName": "Last Updated By",
            "type": "string"
        },
        {
            "hidden": true,
            "id": "abcsChangeNumber",
            "internal": true,
            "oid": "9eac56d9-7e05-4344-9b69-7d3099d07d38",
            "singularName": "<internal>",
            "type": "number"
        },
        {
            "id": "transactionTypeName",
            "oid": "72b4c319-7d83-42f0-9482-bcc3d2eeec5a",
            "singularName": "Transaction Type Name",
            "type": "string"
        },
        {
            "id": "description",
            "oid": "dd75aac9-0e5c-4a90-8a2d-369cd4a9f5e6",
            "singularName": "Description",
            "type": "string"
        },
        {
            "id": "budgetLevel",
            "oid": "6092642d-74fa-4079-8791-fdd03a0b6c34",
            "singularName": "Budget Level",
            "type": "reference",
            "unique": false
        }
    ],
    "id": "TransactionTypes",
    "oid": "f6f42099-989f-4da2-a953-7fce497354c9",
    "singularName": "transactionTypes",
    "relations": [
        {
            "accessorId": "budgetLevelObject",
            "cardinality": "manyToOne",
            "defaultDisplayFieldId": "budgetLevelName",
            "deleteRule": "restrict",
            "mappingFieldId": "budgetLevel",
            "derivedRelationInfoMap": {
                "$reverse": {
                    "accessorId": "budgetLevel"
                }
            },
            "sourceEntityId": "TransactionTypes",
            "targetEntityId": "BudgetLevels"
        }
    ]
}