id,creationDate,lastUpdateDate,createdBy,lastUpdatedBy,transactionTypeName,description,budgetLevel
1,2019-01-02T17:49:19,2019-01-02T21:28:54,stephen.bryant@creoal.com,stephen.bryant@creoal.com,Appropriation,Appropriation,1
2,2019-01-02T17:49:49,2019-01-02T21:29:09,stephen.bryant@creoal.com,stephen.bryant@creoal.com,Apportionment,Apportionment,2
3,2019-01-02T17:50:11,2019-01-02T21:29:24,stephen.bryant@creoal.com,stephen.bryant@creoal.com,Allotment,Allotment,3
4,2019-01-05T13:31:33,2019-01-05T13:31:33.025,stephen.bryant@creoal.com,stephen.bryant@creoal.com,Warrant,Warrant,1
