{
    "fields": [
        {
            "id": "id",
            "internal": true,
            "key": true,
            "oid": "21538909-4427-416d-a0e1-ea6c9318fc96",
            "required": true,
            "singularName": "Id",
            "type": "number",
            "unique": true
        },
        {
            "id": "creationDate",
            "internal": true,
            "oid": "1b0a6bb6-fbe2-47a5-8619-1380b82dc27f",
            "singularName": "Created",
            "type": "datetime"
        },
        {
            "id": "lastUpdateDate",
            "internal": true,
            "oid": "7409c841-ce51-4857-814f-0db6647d872e",
            "singularName": "Last Updated",
            "type": "datetime"
        },
        {
            "id": "createdBy",
            "internal": true,
            "oid": "4c8f9591-2b4f-48f3-b629-8ef9692245b4",
            "singularName": "Created By",
            "type": "string"
        },
        {
            "id": "lastUpdatedBy",
            "internal": true,
            "oid": "145dcc4e-935f-4d71-89c1-9fe5f7642a0c",
            "singularName": "Last Updated By",
            "type": "string"
        },
        {
            "hidden": true,
            "id": "abcsChangeNumber",
            "internal": true,
            "oid": "0957eda3-ab95-4848-b3ed-8d013470099a",
            "singularName": "<internal>",
            "type": "number"
        },
        {
            "id": "agencyIdentifier",
            "oid": "96498af7-3640-4efb-b19f-001eff49f41e",
            "singularName": "Agency ID",
            "type": "number"
        },
        {
            "id": "mainAccount",
            "oid": "62178f74-ac72-4c9b-90ab-afb851f5be6c",
            "singularName": "Main Account",
            "type": "number"
        },
        {
            "id": "federalAccountSymbolTit",
            "oid": "e4a55c61-70b5-4e6b-a822-60a034fc515a",
            "singularName": "Federal Account Symbol Title",
            "type": "string"
        },
        {
            "id": "budgetBureauCode",
            "oid": "e064e447-87bd-4631-a4ac-5d0c90a913b5",
            "singularName": "Budget Bureau Code",
            "type": "string"
        },
        {
            "id": "budgetAccountCode",
            "oid": "08653b5a-a2dd-4e76-9ca4-dfc9f8819057",
            "singularName": "Budget Account Code",
            "type": "string"
        },
        {
            "id": "startDate",
            "oid": "18f09141-fa98-44e6-b6cd-fb0577a829e0",
            "singularName": "Start Date",
            "type": "date"
        },
        {
            "id": "endDate",
            "oid": "a36578d3-b159-4012-9665-aec92d77999f",
            "singularName": "End Date",
            "type": "date"
        }
    ],
    "id": "TsHeaders",
    "oid": "44d5817d-0470-45ee-9a82-3d216ba79eb9",
    "singularName": "tsHeaders",
    "pluralName": "Treasury Symbol Headers"
}