{
  "pageModelVersion": "18.4.1",
  "title": "Create TransactionHeaders",
  "description": "Creates new TransactionHeaders",
  "variables": {
    "transactionHeaders": {
      "type": "page:createTransactionHeadersRequest"
    },
    "budgetLevelsListSDP": {
      "type": "vb/ServiceDataProvider",
      "defaultValue": {
        "endpoint": "businessObjects/getall_BudgetLevels",
        "idAttribute": "id",
        "itemsPath": "items",
        "responseType": "page:getallBudgetLevelsResponse",
        "uriParameters": {}
      }
    },
    "transactionTypesListSDP2": {
      "type": "vb/ServiceDataProvider",
      "defaultValue": {
        "endpoint": "businessObjects/getall_TransactionTypes",
        "idAttribute": "transactionTypeName",
        "itemsPath": "items",
        "responseType": "page:getallTransactionTypesResponse2"
      }
    },
    "tsLinesListSDP2": {
      "type": "vb/ServiceDataProvider",
      "defaultValue": {
        "endpoint": "businessObjects/getall_TsLines",
        "idAttribute": "id",
        "itemsPath": "items",
        "responseType": "page:getallTsLinesResponse2"
      }
    },
    "tsFundAttributesListSDP2": {
      "type": "vb/ServiceDataProvider",
      "defaultValue": {
        "endpoint": "businessObjects/getall_TsFundAttributes",
        "idAttribute": "id",
        "itemsPath": "items",
        "responseType": "page:getallTsFundAttributesResponse2"
      }
    },
    "transactionLinesListSDP": {
      "type": "vb/ServiceDataProvider",
      "defaultValue": {
        "endpoint": "businessObjects/getall_TransactionLines",
        "responseType": "getall_TransactionLines",
        "itemsPath": "items"
      }
    },
    "transactionLinesRequest": {
      "type": "create_TransactionLinesRequest"
    },
    "transactionTypesListSDP": {
      "type": "vb/ServiceDataProvider",
      "defaultValue": {
        "endpoint": "businessObjects/getall_TransactionTypes",
        "idAttribute": "id",
        "itemsPath": "items",
        "responseType": "page:getallTransactionTypesResponse3"
      }
    }
  },
  "types": {
    "createTransactionHeadersRequest": {
      "id": "number",
      "creationDate": "string",
      "createdBy": "string",
      "masterDocNumber": "string",
      "docNumber": "string",
      "fundValue": "number",
      "docAmount": "number",
      "transactionDate": "string",
      "description": "string",
      "budgetLevel": "number",
      "treasuryAccountSymbol": "number"
    },
    "@decorators.createTransactionHeadersRequest": {
      "endpoint": "create_TransactionHeaders",
      "service": "businessObjects",
      "path": "request"
    },
    "businessObjectServiceErrorResponseType": {
      "body": {
        "status": "string",
        "title": "string",
        "o_errorDetails": [
          {
            "detail": "string",
            "o_errorCode": "string"
          }
        ]
      },
      "status": "number"
    },
    "getallBudgetLevelsResponse": {
      "items": [
        {
          "id": "number",
          "budgetLevelName": "string"
        }
      ]
    },
    "@decorators.getallBudgetLevelsResponse": {
      "endpoint": "getall_BudgetLevels",
      "service": "businessObjects",
      "path": "response"
    },
    "getallTsLinesResponse": {
      "items": [
        {
          "id": "number",
          "treasuryAccountSymbol": "string"
        }
      ]
    },
    "@decorators.getallTsLinesResponse": {
      "endpoint": "getall_TsLines",
      "service": "businessObjects",
      "path": "response"
    },
    "getallTsFundAttributesResponse": {
      "items": [
        {
          "id": "number",
          "fundValue": "string"
        }
      ]
    },
    "@decorators.getallTsFundAttributesResponse": {
      "endpoint": "getall_TsFundAttributes",
      "service": "businessObjects",
      "path": "response"
    },
    "create_TransactionLinesRequest": {
      "gLDate": "string",
      "lineAmount": "number",
      "transactionType": "number",
      "gLAccount": "string"
    },
    "@decorators.create_TransactionLinesRequest": {
      "endpoint": "create_TransactionLines",
      "service": "businessObjects",
      "path": "request"
    },
    "@decorators.getall_TransactionTypes": {
      "endpoint": "getall_TransactionTypes",
      "service": "businessObjects",
      "path": "response"
    },
    "getall_TransactionTypes": {
      "totalResults": "number",
      "count": "number",
      "hasMore": "boolean",
      "limit": "number",
      "offset": "number",
      "links": [
        {
          "href": "string",
          "rel": "string",
          "properties": {
            "changeIndicator": "string"
          }
        }
      ],
      "items": [
        {
          "links": [
            {
              "href": "string",
              "rel": "string",
              "properties": {
                "changeIndicator": "string"
              }
            }
          ],
          "id": "number",
          "creationDate": "string",
          "lastUpdateDate": "string",
          "createdBy": "string",
          "lastUpdatedBy": "string",
          "transactionTypeName": "string",
          "description": "string",
          "budgetLevel": "number"
        }
      ]
    },
    "getallTransactionTypesResponse": {
      "items": [
        {
          "links": "object[]",
          "id": "number",
          "creationDate": "string",
          "lastUpdateDate": "string",
          "createdBy": "string",
          "lastUpdatedBy": "string",
          "transactionTypeName": "string",
          "description": "string"
        }
      ]
    },
    "@decorators.getallTransactionTypesResponse": {
      "endpoint": "getall_TransactionTypes",
      "service": "businessObjects",
      "path": "response"
    },
    "getallTransactionTypesResponse2": {
      "items": [
        {
          "transactionTypeName": "string"
        }
      ]
    },
    "@decorators.getallTransactionTypesResponse2": {
      "endpoint": "getall_TransactionTypes",
      "service": "businessObjects",
      "path": "response"
    },
    "getallTsLinesResponse2": {
      "items": [
        {
          "id": "number",
          "treasuryAccountSymbol": "string"
        }
      ]
    },
    "@decorators.getallTsLinesResponse2": {
      "endpoint": "getall_TsLines",
      "service": "businessObjects",
      "path": "response"
    },
    "getallTsFundAttributesResponse2": {
      "items": [
        {
          "id": "number",
          "fundValue": "string"
        }
      ]
    },
    "@decorators.getallTsFundAttributesResponse2": {
      "endpoint": "getall_TsFundAttributes",
      "service": "businessObjects",
      "path": "response"
    },
    "@decorators.getall_TransactionLines": {
      "endpoint": "getall_TransactionLines",
      "service": "businessObjects",
      "path": "response"
    },
    "getall_TransactionLines": {
      "items": [
        {
          "gLDate": "string",
          "lineAmount": "number",
          "transactionType": "number",
          "gLAccount": "string"
        }
      ]
    },
    "getallTransactionTypesResponse3": {
      "items": [
        {
          "id": "number",
          "transactionTypeName": "string"
        }
      ]
    },
    "@decorators.getallTransactionTypesResponse3": {
      "endpoint": "getall_TransactionTypes",
      "service": "businessObjects",
      "path": "response"
    }
  },
  "chains": {
    "goBackChain": {
      "root": "navigateBack",
      "actions": {
        "navigateBack": {
          "module": "vb/action/builtin/navigateBackAction",
          "outcomes": {
            "success": ""
          }
        }
      }
    },
    "createTransactionHeadersChain": {
      "root": "createTransactionHeaders",
      "variables": {
        "saveFailureResult": {
          "type": "page:businessObjectServiceErrorResponseType"
        },
        "errorMessage": {
          "type": "string"
        }
      },
      "actions": {
        "createTransactionHeaders": {
          "module": "vb/action/builtin/restAction",
          "parameters": {
            "endpoint": "businessObjects/create_TransactionHeaders",
            "body": "{{ $page.variables.transactionHeaders }}"
          },
          "outcomes": {
            "success": "fireSuccessNotification",
            "failure": "assignFailureResult"
          }
        },
        "fireSuccessNotification": {
          "module": "vb/action/builtin/fireNotificationEventAction",
          "parameters": {
            "message": "TransactionHeaders record successfully created",
            "type": "confirmation",
            "displayMode": "transient"
          },
          "outcomes": {
            "success": "navigateBack"
          }
        },
        "navigateBack": {
          "module": "vb/action/builtin/navigateBackAction",
          "outcomes": {
            "success": ""
          }
        },
        "assignFailureResult": {
          "module": "vb/action/builtin/assignVariablesAction",
          "parameters": {
            "$chain.variables.saveFailureResult": {
              "source": "[[ $chain.results.createTransactionHeaders.payload ]]",
              "mapping": {
                "$target": "$source",
                "$target.body.o_errorDetails": {
                  "source": "$source.body['o:errorDetails'] || []",
                  "mapping": {
                    "$target.o_errorCode": "$source['o:errorCode']",
                    "$target.detail": "$source.detail"
                  }
                }
              }
            }
          },
          "outcomes": {
            "success": "testFailureDetails"
          }
        },
        "testFailureDetails": {
          "module": "vb/action/builtin/ifAction",
          "outcomes": {
            "true": "handleDetailedErrorMessage",
            "false": "handleDefaultErrorMessage"
          },
          "parameters": {
            "condition": "[[ $chain.variables.saveFailureResult.body.o_errorDetails[0] ]]"
          }
        },
        "handleDetailedErrorMessage": {
          "module": "vb/action/builtin/assignVariablesAction",
          "outcomes": {
            "success": "fireErrorNotification"
          },
          "parameters": {
            "$chain.variables.errorMessage": {
              "source": "[[ $chain.variables.saveFailureResult.body.o_errorDetails[0].detail ]]"
            }
          }
        },
        "handleDefaultErrorMessage": {
          "module": "vb/action/builtin/assignVariablesAction",
          "outcomes": {
            "success": "fireErrorNotification"
          },
          "parameters": {
            "$chain.variables.errorMessage": {
              "source": "[[ 'Could not create new TransactionHeaders: status ' + $chain.variables.saveFailureResult.status ]]"
            }
          }
        },
        "fireErrorNotification": {
          "module": "vb/action/builtin/fireNotificationEventAction",
          "parameters": {
            "message": "[[ $chain.variables.errorMessage ]]",
            "type": "error",
            "displayMode": "persist"
          },
          "outcomes": {}
        }
      }
    },
    "SingleSelectValueChange": {
      "description": "",
      "variables": {
        "value": {
          "required": true,
          "type": "any",
          "input": "fromCaller"
        }
      },
      "root": "assignVariables1",
      "actions": {
        "assignVariables1": {
          "module": "vb/action/builtin/assignVariablesAction",
          "parameters": {
            "$page.variables.tsFundAttributesListSDP2": {
              "source": {
                "filterCriterion": {
                  "criteria": [
                    {
                      "value": "{{ $chain.variables.value }}",
                      "attribute": "{{ \"treasuryAccountSymbol\" }}",
                      "op": "{{\"$eq\"}}"
                    }
                  ],
                  "op": "{{\"$or\"}}"
                }
              },
              "reset": "none",
              "mapping": {
                "$target.filterCriterion": {
                  "source": "$source.filterCriterion",
                  "reset": "none",
                  "mapping": {
                    "$target.criteria": {
                      "source": "$source.criteria",
                      "reset": "empty"
                    }
                  }
                }
              }
            }
          }
        }
      }
    },
    "SingleSelectValueChange1": {
      "description": "",
      "variables": {
        "value": {
          "required": true,
          "type": "any",
          "input": "fromCaller"
        }
      },
      "root": "assignVariables1",
      "actions": {
        "assignVariables1": {
          "module": "vb/action/builtin/assignVariablesAction",
          "parameters": {
            "$page.variables.transactionTypesListSDP2": {
              "source": {
                "filterCriterion": {
                  "criteria": [
                    {
                      "attribute": "{{ \"budgetLevel\" }}",
                      "op": "{{ \"$eq\" }}",
                      "value": "{{ $chain.variables.value }}"
                    }
                  ],
                  "op": "{{ \"$or\" }}"
                }
              },
              "reset": "none",
              "mapping": {
                "$target.filterCriterion": {
                  "source": "$source.filterCriterion",
                  "reset": "none",
                  "mapping": {
                    "$target.criteria": {
                      "source": "$source.criteria",
                      "reset": "empty"
                    }
                  }
                }
              }
            }
          }
        }
      }
    },
    "ButtonAction": {
      "description": "",
      "variables": {
        "detail": {
          "required": true,
          "type": "any",
          "input": "fromCaller"
        }
      },
      "root": "callRestEndpoint1",
      "actions": {
        "callRestEndpoint1": {
          "module": "vb/action/builtin/restAction",
          "parameters": {
            "endpoint": "businessObjects/create_TransactionLines",
            "body": "{{ $page.variables.transactionLinesRequest }}"
          }
        }
      }
    }
  },
  "eventListeners": {
    "backButtonClicked": {
      "chains": [
        {
          "chainId": "goBackChain"
        }
      ]
    },
    "saveButtonClicked": {
      "chains": [
        {
          "chainId": "createTransactionHeadersChain"
        }
      ]
    },
    "ojSelectOne13508201652Value": {
      "chains": [
        {
          "chainId": "SingleSelectValueChange",
          "parameters": {
            "value": "{{ $event.detail.value }}"
          }
        }
      ]
    },
    "ojSelectOne13508201651Value": {
      "chains": [
        {
          "chainId": "SingleSelectValueChange1",
          "parameters": {
            "value": "{{ $event.detail.value }}"
          }
        }
      ]
    },
    "ojButton13508201653OjAction": {
      "chains": [
        {
          "chainId": "ButtonAction",
          "parameters": {
            "detail": "{{ $event.detail }}"
          }
        }
      ]
    }
  },
  "imports": {
    "components": {
      "oj-form-layout": {
        "path": "ojs/ojformlayout"
      },
      "oj-input-text": {
        "path": "ojs/ojinputtext"
      },
      "oj-select-one": {
        "path": "ojs/ojselectcombobox"
      },
      "oj-input-date": {
        "path": "ojs/ojdatetimepicker"
      },
      "oj-input-number": {
        "path": "ojs/ojinputnumber"
      },
      "oj-input-date-time": {
        "path": "ojs/ojdatetimepicker"
      },
      "oj-toolbar": {
        "path": "ojs/ojtoolbar"
      },
      "oj-button": {
        "path": "ojs/ojbutton"
      },
      "oj-label": {
        "path": "ojs/ojlabel"
      }
    }
  }
}