{
  "pageModelVersion": "18.4.1",
  "title": "",
  "description": "",
  "variables": {
    "tsFundAttributesListSDP": {
      "type": "vb/ServiceDataProvider",
      "defaultValue": {
        "endpoint": "businessObjects/getall_TsFundAttributes",
        "idAttribute": "id",
        "itemsPath": "items",
        "responseType": "page:getallTsFundAttributesResponse"
      }
    },
    "lineIDchild": {
      "type": "number",
      "required": true,
      "input": "fromUrl"
    },
    "lineID1": {
      "type": "number"
    },
    "lineID2": {
      "type": "number"
    }
  },
  "types": {
    "getallTsFundAttributesResponse": {
      "items": [
        {
          "id": "number",
          "creationDate": "string",
          "createdBy": "string",
          "linesID": "number",
          "fundValue": "string",
          "apportionmentCategory": "string",
          "directReimbursable": "string",
          "budgetAuthorityCategory": "string",
          "outlayBEACategoryCode": "string",
          "borrowingSourceCode": "string",
          "budgetSubFunctionCode": "string",
          "custodialNonCustodial": "string",
          "definiteIndefinite": "string",
          "treasuryAccountSymbolOb": {
            "items": [
              {
                "treasuryAccountSymbol": "string"
              }
            ]
          }
        }
      ]
    },
    "@decorators.getallTsFundAttributesResponse": {
      "endpoint": "getall_TsFundAttributes",
      "service": "businessObjects",
      "path": "response"
    }
  },
  "chains": {
    "filterLineID": {
      "root": "assignVariables1",
      "description": "",
      "actions": {
        "fireDataProviderEvent1": {
          "module": "vb/action/builtin/fireDataProviderEventAction",
          "parameters": {
            "refresh": null,
            "target": "{{ $page.variables.tsFundAttributesListSDP }}"
          }
        },
        "assignVariables1": {
          "module": "vb/action/builtin/assignVariablesAction",
          "parameters": {
            "$page.variables.tsFundAttributesListSDP": {
              "source": {
                "filterCriterion": {
                  "criteria": [
                    {
                      "attribute": "{{ \"linesID\" }}",
                      "op": "{{ \"$eq\" }}",
                      "value": "{{ $page.variables.lineIDchild }}"
                    }
                  ],
                  "op": "{{ \"$or\" }}"
                }
              },
              "reset": "none",
              "mapping": {
                "$target.filterCriterion": {
                  "source": "$source.filterCriterion",
                  "reset": "none",
                  "mapping": {
                    "$target.criteria": {
                      "source": "$source.criteria",
                      "reset": "empty"
                    }
                  }
                }
              }
            }
          },
          "outcomes": {
            "success": "fireDataProviderEvent1"
          }
        }
      }
    },
    "ButtonAction": {
      "description": "",
      "variables": {
        "detail": {
          "required": true,
          "type": "any",
          "input": "fromCaller"
        }
      },
      "root": "navigateBack1",
      "actions": {
        "navigateBack1": {
          "module": "vb/action/builtin/navigateBackAction"
        }
      }
    },
    "TableFirstSelectedRowChange": {
      "description": "",
      "variables": {
        "firstSelectedRow": {
          "required": true,
          "type": "any",
          "input": "fromCaller"
        }
      },
      "root": "assignVariables1",
      "actions": {
        "assignVariables1": {
          "module": "vb/action/builtin/assignVariablesAction",
          "parameters": {
            "$page.variables.lineID1": {
              "source": "{{ $chain.variables.firstSelectedRow.data.id }}"
            }
          }
        }
      }
    },
    "ButtonAction1": {
      "description": "",
      "variables": {
        "detail": {
          "required": true,
          "type": "any",
          "input": "fromCaller"
        }
      },
      "root": "assignVariables1",
      "actions": {
        "assignVariables1": {
          "module": "vb/action/builtin/assignVariablesAction",
          "parameters": {
            "$page.variables.lineID2": {
              "source": "{{ $page.variables.lineID1 }}"
            }
          },
          "outcomes": {
            "success": "if1"
          }
        },
        "navigateToPage1": {
          "module": "vb/action/builtin/navigateToPageAction",
          "parameters": {
            "page": "main-betc",
            "params": {
              "lineID2b": "{{ $page.variables.lineID2 }}"
            }
          },
          "outcomes": {
            "success": "return1"
          }
        },
        "if1": {
          "module": "vb/action/builtin/ifAction",
          "parameters": {
            "condition": "{{ $page.variables.lineID2 }}"
          },
          "outcomes": {
            "true": "navigateToPage1",
            "false": "fireNotification1"
          }
        },
        "return1": {
          "module": "vb/action/builtin/returnAction",
          "parameters": {
            "outcome": "success"
          }
        },
        "fireNotification1": {
          "module": "vb/action/builtin/fireNotificationEventAction",
          "parameters": {
            "message": "You must select a row above!",
            "displayMode": "transient",
            "type": "warning"
          }
        }
      }
    }
  },
  "eventListeners": {
    "vbEnter": {
      "chains": [
        {
          "chainId": "filterLineID",
          "parameters": {}
        }
      ]
    },
    "ojButton11827588351OjAction": {
      "chains": [
        {
          "chainId": "ButtonAction",
          "parameters": {
            "detail": "{{ $event.detail }}"
          }
        }
      ]
    },
    "ojTable11827588351FirstSelectedRow": {
      "chains": [
        {
          "chainId": "TableFirstSelectedRowChange",
          "parameters": {
            "firstSelectedRow": "{{ $event.detail.value }}"
          }
        }
      ]
    },
    "ojButton11827588352OjAction": {
      "chains": [
        {
          "chainId": "ButtonAction1",
          "parameters": {
            "detail": "{{ $event.detail }}"
          }
        }
      ]
    }
  },
  "imports": {
    "components": {
      "oj-table": {
        "path": "ojs/ojtable"
      },
      "oj-buttonset-one": {
        "path": "ojs/ojbutton"
      },
      "oj-option": {
        "path": "ojs/ojoption"
      },
      "oj-toolbar": {
        "path": "ojs/ojtoolbar"
      },
      "oj-button": {
        "path": "ojs/ojbutton"
      }
    }
  }
}