{
  "pageModelVersion": "18.4.1",
  "title": "Treasury Symbols",
  "description": "",
  "variables": {
    "tsHeadersListSDP": {
      "type": "vb/ServiceDataProvider",
      "defaultValue": {
        "endpoint": "businessObjects/getall_TsHeaders",
        "idAttribute": "id",
        "itemsPath": "items",
        "responseType": "page:getallTsHeadersResponse"
      }
    },
    "tsBETCListSDP": {
      "type": "vb/ServiceDataProvider",
      "defaultValue": {
        "endpoint": "businessObjects/getall_TsBETC",
        "idAttribute": "id",
        "itemsPath": "items",
        "responseType": "page:getallTsBETCResponse"
      }
    },
    "tsFundAttributesListSDP": {
      "type": "vb/ServiceDataProvider",
      "defaultValue": {
        "endpoint": "businessObjects/getall_TsFundAttributes",
        "idAttribute": "id",
        "itemsPath": "items",
        "responseType": "page:getallTsFundAttributesResponse"
      }
    },
    "tsLinesListSDP3": {
      "type": "vb/ServiceDataProvider",
      "defaultValue": {
        "endpoint": "businessObjects/getall_TsLines",
        "idAttribute": "id",
        "itemsPath": "items",
        "responseType": "page:getallTsLinesResponse3"
      }
    },
    "lineID": {
      "type": "number"
    },
    "lineID2": {
      "type": "number"
    },
    "lineID3": {
      "type": "number",
      "required": false,
      "input": "fromUrl"
    },
    "ojTabBar4488881571SelectedItem": {
      "type": "string",
      "defaultValue": "oj-tab-bar-448888157-1-tab-2"
    },
    "transactionHeadersListSDP": {
      "type": "vb/ServiceDataProvider",
      "defaultValue": {
        "endpoint": "businessObjects/getall_TransactionHeaders",
        "idAttribute": "id",
        "itemsPath": "items",
        "responseType": "page:getallTransactionHeadersResponse"
      }
    },
    "transactionHeadersListSDP2": {
      "type": "vb/ServiceDataProvider",
      "defaultValue": {
        "endpoint": "businessObjects/getall_TransactionHeaders",
        "idAttribute": "id",
        "itemsPath": "items",
        "responseType": "page:getallTransactionHeadersResponse2"
      }
    }
  },
  "types": {
    "getallTsHeadersResponse": {
      "items": [
        {
          "id": "number",
          "agencyIdentifier": "number",
          "mainAccount": "number",
          "federalAccountSymbolTit": "string",
          "budgetBureauCode": "string",
          "budgetAccountCode": "string",
          "startDate": "string",
          "endDate": "string"
        }
      ]
    },
    "@decorators.getallTsHeadersResponse": {
      "endpoint": "getall_TsHeaders",
      "service": "businessObjects",
      "path": "response"
    },
    "getallTsBETCResponse": {
      "items": [
        {
          "id": "number",
          "treasuryAccountSymbol": "number",
          "bETCCode": "string",
          "bETCDescription": "string",
          "paymentCollection": "string",
          "adjustmentBETC": "string"
        }
      ]
    },
    "@decorators.getallTsBETCResponse": {
      "endpoint": "getall_TsBETC",
      "service": "businessObjects",
      "path": "response"
    },
    "getallTsFundAttributesResponse": {
      "items": [
        {
          "id": "number",
          "treasuryAccountSymbol": "number",
          "fundValue": "string",
          "apportionmentCategory": "string",
          "directReimbursable": "string",
          "budgetAuthorityCategory": "string",
          "outlayBEACategoryCode": "string",
          "borrowingSourceCode": "string",
          "budgetSubFunctionCode": "string",
          "custodialNonCustodial": "string",
          "definiteIndefinite": "string"
        }
      ]
    },
    "@decorators.getallTsFundAttributesResponse": {
      "endpoint": "getall_TsFundAttributes",
      "service": "businessObjects",
      "path": "response"
    },
    "getallTsLinesResponse3": {
      "items": [
        {
          "id": "number",
          "headerID": "number",
          "agencyID": "number",
          "subLevelPrefixCode": "string",
          "allocTrAgencyID": "string",
          "authorityDurationCode": "string",
          "begPeriodOfAvail": "number",
          "endPeriodOfAvail": "number",
          "availTypeCode": "string",
          "subAcctCode": "string",
          "fundType": "string",
          "financingAccountCode": "string",
          "reportableIndicator": "string",
          "startDate": "string",
          "expirationDate": "string",
          "cancellationDate": "string",
          "treasuryAccountSymbol": "string"
        }
      ]
    },
    "@decorators.getallTsLinesResponse3": {
      "endpoint": "getall_TsLines",
      "service": "businessObjects",
      "path": "response"
    },
    "getallTransactionHeadersResponse": {
      "items": [
        {
          "id": "number",
          "creationDate": "string",
          "lastUpdateDate": "string",
          "createdBy": "string",
          "lastUpdatedBy": "string",
          "masterDocNumber": "string",
          "docNumber": "string",
          "fundValue": "number",
          "docAmount": "number",
          "transactionDate": "string",
          "description": "string",
          "budgetLevel": "number",
          "treasuryAccountSymbol": "number",
          "budgetLevelObject": {
            "totalResults": "number",
            "count": "number",
            "hasMore": "boolean",
            "limit": "number",
            "offset": "number",
            "links": [
              {
                "href": "string",
                "rel": "string",
                "properties": {
                  "changeIndicator": "string"
                }
              }
            ],
            "items": [
              {
                "links": [
                  {
                    "href": "string",
                    "rel": "string",
                    "properties": {
                      "changeIndicator": "string"
                    }
                  }
                ],
                "id": "number",
                "creationDate": "string",
                "lastUpdateDate": "string",
                "createdBy": "string",
                "lastUpdatedBy": "string",
                "budgetLevelNumber": "string",
                "budgetLevelName": "string",
                "description": "string"
              }
            ]
          },
          "fundValueObject": {
            "totalResults": "number",
            "count": "number",
            "hasMore": "boolean",
            "limit": "number",
            "offset": "number",
            "links": [
              {
                "href": "string",
                "rel": "string",
                "properties": {
                  "changeIndicator": "string"
                }
              }
            ],
            "items": [
              {
                "links": [
                  {
                    "href": "string",
                    "rel": "string",
                    "properties": {
                      "changeIndicator": "string"
                    }
                  }
                ],
                "id": "number",
                "creationDate": "string",
                "lastUpdateDate": "string",
                "createdBy": "string",
                "lastUpdatedBy": "string",
                "linesID": "number",
                "treasuryAccountSymbol": "number",
                "fundValue": "string",
                "apportionmentCategory": "string",
                "directReimbursable": "string",
                "budgetAuthorityCategory": "string",
                "outlayBEACategoryCode": "string",
                "borrowingSourceCode": "string",
                "budgetSubFunctionCode": "string",
                "custodialNonCustodial": "string",
                "definiteIndefinite": "string",
                "linesIDObject_id": "number",
                "treasuryAccountSymbolOb": {
                  "totalResults": "number",
                  "count": "number",
                  "hasMore": "boolean",
                  "limit": "number",
                  "offset": "number",
                  "links": [
                    {
                      "href": "string",
                      "rel": "string",
                      "properties": {
                        "changeIndicator": "string"
                      }
                    }
                  ],
                  "items": [
                    {
                      "links": [
                        {
                          "href": "string",
                          "rel": "string",
                          "properties": {
                            "changeIndicator": "string"
                          }
                        }
                      ],
                      "id": "number",
                      "creationDate": "string",
                      "lastUpdateDate": "string",
                      "createdBy": "string",
                      "lastUpdatedBy": "string",
                      "headerID": "number",
                      "agencyID": "number",
                      "subLevelPrefixCode": "string",
                      "allocTrAgencyID": "string",
                      "authorityDurationCode": "string",
                      "begPeriodOfAvail": "number",
                      "endPeriodOfAvail": "number",
                      "availTypeCode": "string",
                      "mainAcctCode": "number",
                      "subAcctCode": "string",
                      "fundType": "string",
                      "financingAccountCode": "string",
                      "reportableIndicator": "string",
                      "startDate": "string",
                      "expirationDate": "string",
                      "cancellationDate": "string",
                      "treasuryAccountSymbol": "string",
                      "lineIDObject_id": "number",
                      "agencyIDObject": {
                        "totalResults": "number",
                        "count": "number",
                        "hasMore": "boolean",
                        "limit": "number",
                        "offset": "number",
                        "links": [
                          {
                            "href": "string",
                            "rel": "string",
                            "properties": {
                              "changeIndicator": "string"
                            }
                          }
                        ]
                      }
                    }
                  ]
                }
              }
            ]
          },
          "treasuryAccountSymbolOb": {
            "totalResults": "number",
            "count": "number",
            "hasMore": "boolean",
            "limit": "number",
            "offset": "number",
            "links": [
              {
                "href": "string",
                "rel": "string",
                "properties": {
                  "changeIndicator": "string"
                }
              }
            ],
            "items": [
              {
                "links": [
                  {
                    "href": "string",
                    "rel": "string",
                    "properties": {
                      "changeIndicator": "string"
                    }
                  }
                ],
                "id": "number",
                "creationDate": "string",
                "lastUpdateDate": "string",
                "createdBy": "string",
                "lastUpdatedBy": "string",
                "headerID": "number",
                "agencyID": "number",
                "subLevelPrefixCode": "string",
                "allocTrAgencyID": "string",
                "authorityDurationCode": "string",
                "begPeriodOfAvail": "number",
                "endPeriodOfAvail": "number",
                "availTypeCode": "string",
                "mainAcctCode": "number",
                "subAcctCode": "string",
                "fundType": "string",
                "financingAccountCode": "string",
                "reportableIndicator": "string",
                "startDate": "string",
                "expirationDate": "string",
                "cancellationDate": "string",
                "treasuryAccountSymbol": "string",
                "lineIDObject_id": "number"
              }
            ]
          }
        }
      ]
    },
    "@decorators.getallTransactionHeadersResponse": {
      "endpoint": "getall_TransactionHeaders",
      "service": "businessObjects",
      "path": "response"
    },
    "getallTransactionHeadersResponse2": {
      "items": [
        {
          "id": "number",
          "masterDocNumber": "string",
          "docNumber": "string",
          "fundValue": "number",
          "docAmount": "number",
          "budgetLevel": "number",
          "treasuryAccountSymbol": "number"
        }
      ]
    },
    "@decorators.getallTransactionHeadersResponse2": {
      "endpoint": "getall_TransactionHeaders",
      "service": "businessObjects",
      "path": "response"
    }
  },
  "chains": {
    "navigateToCreateTsHeadersChain": {
      "root": "navigateToCreate",
      "actions": {
        "navigateToCreate": {
          "module": "vb/action/builtin/navigateToPageAction",
          "parameters": {
            "history": "push",
            "page": "main-create-ts-headers",
            "params": {}
          },
          "outcomes": {
            "success": ""
          }
        }
      }
    },
    "TableFirstSelectedRowChange": {
      "description": "",
      "variables": {
        "rowKey": {
          "required": true,
          "type": "any",
          "input": "fromCaller"
        },
        "rowData": {
          "required": true,
          "type": "any",
          "input": "fromCaller"
        }
      },
      "root": "assignVariables1",
      "actions": {
        "assignVariables1": {
          "module": "vb/action/builtin/assignVariablesAction",
          "parameters": {
            "$page.variables.tsLinesListSDP3": {
              "source": {
                "filterCriterion": {
                  "criteria": [
                    {
                      "value": "{{ $chain.variables.rowKey }}",
                      "attribute": "{{ \"headerID\" }}",
                      "op": "{{ \"$eq\" }}"
                    }
                  ],
                  "op": "{{ \"$or\" }}"
                }
              },
              "reset": "none",
              "mapping": {
                "$target.filterCriterion": {
                  "source": "$source.filterCriterion",
                  "reset": "none",
                  "mapping": {
                    "$target.criteria": {
                      "source": "$source.criteria",
                      "reset": "empty"
                    }
                  }
                }
              }
            }
          }
        }
      },
      "returnType": "number"
    },
    "TableFirstSelectedRowChange1": {
      "description": "",
      "variables": {
        "firstSelectedRow": {
          "required": true,
          "type": "any",
          "input": "fromCaller"
        }
      },
      "root": "assignLineID",
      "actions": {
        "assignLineID": {
          "module": "vb/action/builtin/assignVariablesAction",
          "parameters": {
            "$page.variables.lineID": {
              "source": "{{ $chain.variables.firstSelectedRow.data.id }}"
            }
          }
        }
      }
    },
    "ButtonAction": {
      "description": "",
      "variables": {
        "detail": {
          "required": true,
          "type": "any",
          "input": "fromCaller"
        }
      },
      "root": "assignVariables1",
      "actions": {
        "navigateToPage1": {
          "module": "vb/action/builtin/navigateToPageAction",
          "parameters": {
            "page": "main-fundattributes",
            "params": {
              "lineIDchild": "{{ $page.variables.lineID2 }}"
            },
            "history": "push"
          },
          "outcomes": {
            "success": "return1"
          }
        },
        "assignVariables1": {
          "module": "vb/action/builtin/assignVariablesAction",
          "parameters": {
            "$page.variables.lineID2": {
              "source": "{{ $page.variables.lineID }}"
            }
          },
          "outcomes": {
            "success": "if1"
          }
        },
        "if1": {
          "module": "vb/action/builtin/ifAction",
          "parameters": {
            "condition": "{{ $page.variables.lineID2 }}"
          },
          "outcomes": {
            "true": "navigateToPage1",
            "false": "fireNotification1"
          }
        },
        "fireNotification1": {
          "module": "vb/action/builtin/fireNotificationEventAction",
          "parameters": {
            "message": "You must select a row above!",
            "type": "warning",
            "displayMode": "transient"
          }
        },
        "return1": {
          "module": "vb/action/builtin/returnAction",
          "parameters": {
            "outcome": "success"
          }
        }
      },
      "returnType": "any"
    },
    "ButtonAction1": {
      "description": "",
      "variables": {
        "detail": {
          "required": true,
          "type": "any",
          "input": "fromCaller"
        }
      },
      "root": "assignLineIDBETC",
      "actions": {
        "assignLineIDBETC": {
          "module": "vb/action/builtin/assignVariablesAction",
          "parameters": {
            "$page.variables.lineID2": {
              "source": "{{ $page.variables.lineID }}"
            }
          },
          "outcomes": {
            "success": "if1"
          }
        },
        "navigateToPage1": {
          "module": "vb/action/builtin/navigateToPageAction",
          "parameters": {
            "page": "main-betc",
            "history": "push",
            "params": {
              "lineID2b": "{{ $page.variables.lineID2 }}"
            }
          },
          "outcomes": {
            "success": "return1"
          }
        },
        "if1": {
          "module": "vb/action/builtin/ifAction",
          "parameters": {
            "condition": "{{ $page.variables.lineID2 }}"
          },
          "outcomes": {
            "true": "navigateToPage1",
            "false": "fireNotification1"
          }
        },
        "fireNotification1": {
          "module": "vb/action/builtin/fireNotificationEventAction",
          "parameters": {
            "type": "warning",
            "displayMode": "transient",
            "message": "You must select a row above!"
          }
        },
        "return1": {
          "module": "vb/action/builtin/returnAction",
          "parameters": {
            "outcome": "success"
          }
        }
      }
    },
    "navigateToCreateTransactionHeadersChain": {
      "root": "navigateToCreate",
      "actions": {
        "navigateToCreate": {
          "module": "vb/action/builtin/navigateToPageAction",
          "parameters": {
            "history": "push",
            "page": "main-create-transaction-headers",
            "params": {}
          },
          "outcomes": {
            "success": ""
          }
        }
      }
    }
  },
  "eventListeners": {
    "createTsHeadersButtonClicked": {
      "chains": [
        {
          "chainId": "navigateToCreateTsHeadersChain"
        }
      ]
    },
    "ojTable19675602351FirstSelectedRow": {
      "chains": [
        {
          "chainId": "TableFirstSelectedRowChange",
          "parameters": {
            "rowKey": "{{$event.detail.value.key}}",
            "rowData": "{{$event.detail.value.data}}"
          }
        }
      ]
    },
    "ojTable19675602352FirstSelectedRow": {
      "chains": [
        {
          "chainId": "TableFirstSelectedRowChange1",
          "parameters": {
            "firstSelectedRow": "{{ $event.detail.value }}"
          }
        }
      ]
    },
    "ojButton19675602352OjAction": {
      "chains": [
        {
          "chainId": "ButtonAction",
          "parameters": {
            "detail": "{{ $event.detail }}"
          }
        }
      ]
    },
    "ojButton19675602353OjAction": {
      "chains": [
        {
          "chainId": "ButtonAction1",
          "parameters": {
            "detail": "{{ $event.detail }}"
          }
        }
      ]
    },
    "createTransactionHeadersButtonClicked": {
      "chains": [
        {
          "chainId": "navigateToCreateTransactionHeadersChain"
        }
      ]
    }
  },
  "imports": {
    "components": {
      "oj-table": {
        "path": "ojs/ojtable"
      },
      "oj-toolbar": {
        "path": "ojs/ojtoolbar"
      },
      "oj-button": {
        "path": "ojs/ojbutton"
      },
      "oj-label": {
        "path": "ojs/ojlabel"
      },
      "oj-input-date": {
        "path": "ojs/ojdatetimepicker"
      },
      "oj-form-layout": {
        "path": "ojs/ojformlayout"
      },
      "oj-input-text": {
        "path": "ojs/ojinputtext"
      },
      "oj-list-view": {
        "path": "ojs/ojlistview"
      },
      "oj-tab-bar": {
        "path": "ojs/ojnavigationlist"
      },
      "oj-switcher": {
        "path": "ojs/ojswitcher"
      }
    }
  }
}