{
    "fields": [
        {
            "id": "id",
            "internal": true,
            "key": true,
            "oid": "b7a50513-04d9-4eb8-a07e-82366848f5d0",
            "required": true,
            "singularName": "Id",
            "type": "number",
            "unique": true
        },
        {
            "id": "creationDate",
            "internal": true,
            "oid": "97c18f53-6355-46f3-834f-9a23f6e5fd3d",
            "singularName": "Created",
            "type": "datetime"
        },
        {
            "id": "lastUpdateDate",
            "internal": true,
            "oid": "d0fd50c1-ace3-4629-b605-49118caf1b76",
            "singularName": "Last Updated",
            "type": "datetime"
        },
        {
            "id": "createdBy",
            "internal": true,
            "oid": "22aa1556-cd70-4b68-93c5-81383c44c6ac",
            "singularName": "Created By",
            "type": "string"
        },
        {
            "id": "lastUpdatedBy",
            "internal": true,
            "oid": "98247bc9-775e-4758-adae-cca3fae5316a",
            "singularName": "Last Updated By",
            "type": "string"
        },
        {
            "hidden": true,
            "id": "abcsChangeNumber",
            "internal": true,
            "oid": "29e79bf0-0d0b-469b-b777-c9511cce12c4",
            "singularName": "<internal>",
            "type": "number"
        },
        {
            "id": "linesID",
            "oid": "dde0b5fa-32ca-4218-8835-32a14323fe25",
            "singularName": "linesID",
            "type": "reference",
            "unique": false
        },
        {
            "id": "treasuryAccountSymbol",
            "oid": "b09ccb19-8d15-4939-b265-3af937c4c49c",
            "singularName": "Treasury Account Symbol",
            "type": "reference",
            "unique": false
        },
        {
            "id": "bETCCode",
            "oid": "b82e5225-12df-4b9e-a7f4-4a06aa4da37b",
            "singularName": "BETC Code",
            "type": "string"
        },
        {
            "id": "bETCDescription",
            "oid": "6aaa3f65-7a63-413e-baea-5d15cf0dd5bb",
            "singularName": "BETC Description",
            "type": "string"
        },
        {
            "id": "paymentCollection",
            "oid": "30beab18-ba2c-4081-9192-75405931f59c",
            "singularName": "Payment/Collection",
            "type": "string"
        },
        {
            "id": "adjustmentBETC",
            "oid": "af4bfd54-2a3b-4a97-9a51-1116f927f580",
            "singularName": "Adjustment BETC",
            "type": "string"
        }
    ],
    "id": "TsBETC",
    "oid": "80085b38-51d3-481d-8489-b25ed556bfd0",
    "singularName": "tsBETC",
    "pluralName": "tsBETC",
    "relations": [
        {
            "accessorId": "linesIDObject",
            "cardinality": "manyToOne",
            "defaultDisplayFieldId": "id",
            "deleteRule": "restrict",
            "mappingFieldId": "linesID",
            "sourceEntityId": "TsBETC",
            "targetEntityId": "TsLines",
            "derivedRelationInfoMap": {
                "$reverse": {
                    "accessorId": "lineIDObject1"
                }
            }
        },
        {
            "accessorId": "treasuryAccountSymbolOb",
            "cardinality": "manyToOne",
            "defaultDisplayFieldId": "treasuryAccountSymbol",
            "deleteRule": "restrict",
            "mappingFieldId": "treasuryAccountSymbol",
            "sourceEntityId": "TsBETC",
            "targetEntityId": "TsLines",
            "derivedRelationInfoMap": {
                "$reverse": {
                    "accessorId": "tasIDOb1"
                }
            }
        }
    ]
}